,openTime,open,high,low,close,volume,closeTime,assestVolume,noOfTrades,symbol,interval
0,2023-01-01T05:00:00,16541.77,16544.76,16538.45,16543.67,83.08143,2023-01-01T05:00:59.999000,1374268.8488616,2687,btcusdt,1m
1,2023-01-01T05:01:00,16543.04,16544.41,16538.48,16539.31,80.453,2023-01-01T05:01:59.999000,1330772.8885466,2890,btcusdt,1m
2,2023-01-01T05:02:00,16539.31,16541.17,16534.52,16536.43,62.90197,2023-01-01T05:02:59.999000,1040248.3983713,1930,btcusdt,1m
3,2023-01-01T05:03:00,16536.43,16537.28,16531.0,16533.65,115.71894,2023-01-01T05:03:59.999000,1913267.610738,2956,btcusdt,1m
4,2023-01-01T05:04:00,16534.12,16536.08,16527.51,16535.38,144.45369,2023-01-01T05:04:59.999000,2388080.6349298,3795,btcusdt,1m
5,2023-01-01T05:05:00,16534.91,16537.8,16533.94,16536.7,53.58957,2023-01-01T05:05:59.999000,886140.957717,2130,btcusdt,1m
6,2023-01-01T05:06:00,16536.76,16540.43,16534.2,16535.91,96.45571,2023-01-01T05:06:59.999000,1595134.0975095,2348,btcusdt,1m
7,2023-01-01T05:07:00,16535.91,16539.69,16533.95,16534.67,56.7201,2023-01-01T05:07:59.999000,937969.844842,2159,btcusdt,1m
8,2023-01-01T05:08:00,16533.98,16534.79,16528.0,16529.28,95.13552,2023-01-01T05:08:59.999000,1572652.3258634,2619,btcusdt,1m
9,2023-01-01T05:09:00,16529.28,16529.52,16522.55,16526.67,89.28953,2023-01-01T05:09:59.999000,1475565.2083932,2688,btcusdt,1m
10,2023-01-01T05:10:00,16526.67,16530.87,16522.55,16525.34,96.60421,2023-01-01T05:10:59.999000,1596529.1420318,3285,btcusdt,1m
11,2023-01-01T05:11:00,16525.34,16527.42,16523.98,16525.84,43.33715,2023-01-01T05:11:59.999000,716180.9713623,2011,btcusdt,1m
12,2023-01-01T05:12:00,16525.84,16526.46,16520.92,16521.68,42.25952,2023-01-01T05:12:59.999000,698265.398534,1721,btcusdt,1m
13,2023-01-01T05:13:00,16522.1,16524.79,16520.67,16524.17,54.19482,2023-01-01T05:13:59.999000,895432.4123322,1909,btcusdt,1m
14,2023-01-01T05:14:00,16524.6,16525.53,16520.0,16520.69,58.34319,2023-01-01T05:14:59.999000,964037.6131115,2356,btcusdt,1m
15,2023-01-01T05:15:00,16521.26,16526.84,16519.4,16521.0,114.31289,2023-01-01T05:15:59.999000,1888866.3300512,3643,btcusdt,1m
16,2023-01-01T05:16:00,16521.56,16523.96,16517.72,16519.62,140.09379,2023-01-01T05:16:59.999000,2314437.5956002,3534,btcusdt,1m
17,2023-01-01T05:17:00,16519.14,16522.9,16517.72,16522.48,47.00352,2023-01-01T05:17:59.999000,776511.8827539,1824,btcusdt,1m
18,2023-01-01T05:18:00,16522.18,16530.99,16521.44,16530.34,94.05725,2023-01-01T05:18:59.999000,1554441.7372351,2693,btcusdt,1m
19,2023-01-01T05:19:00,16530.37,16537.73,16528.46,16534.94,85.72032,2023-01-01T05:19:59.999000,1417220.0418519,2366,btcusdt,1m
20,2023-01-01T05:20:00,16534.94,16537.82,16534.15,16536.61,37.63557,2023-01-01T05:20:59.999000,622348.4778063,1846,btcusdt,1m
21,2023-01-01T05:21:00,16536.61,16539.74,16536.15,16539.45,65.47593,2023-01-01T05:21:59.999000,1082847.958461,2079,btcusdt,1m
22,2023-01-01T05:22:00,16538.59,16540.52,16532.33,16533.98,85.02815,2023-01-01T05:22:59.999000,1406104.7802982,2331,btcusdt,1m
23,2023-01-01T05:23:00,16533.98,16540.66,16533.83,16539.31,46.89429,2023-01-01T05:23:59.999000,775529.0990017,1672,btcusdt,1m
24,2023-01-01T05:24:00,16539.71,16540.35,16534.0,16535.54,74.49795,2023-01-01T05:24:59.999000,1231946.5325615,2122,btcusdt,1m
25,2023-01-01T05:25:00,16535.54,16541.44,16534.62,16541.44,59.53862,2023-01-01T05:25:59.999000,984691.5908783,1677,btcusdt,1m
26,2023-01-01T05:26:00,16541.44,16544.07,16538.61,16542.01,129.09106,2023-01-01T05:26:59.999000,2135340.2484909,2880,btcusdt,1m
27,2023-01-01T05:27:00,16542.01,16545.7,16541.6,16544.59,31.20436,2023-01-01T05:27:59.999000,516232.5128823,1521,btcusdt,1m
28,2023-01-01T05:28:00,16544.26,16545.46,16542.74,16544.77,51.13562,2023-01-01T05:28:59.999000,845995.7403447,1827,btcusdt,1m
29,2023-01-01T05:29:00,16544.77,16545.52,16542.31,16544.19,40.93956,2023-01-01T05:29:59.999000,677302.4156692,1513,btcusdt,1m
30,2023-01-01T05:30:00,16544.19,16544.61,16536.46,16537.29,106.95807,2023-01-01T05:30:59.999000,1769072.9962025,3021,btcusdt,1m
31,2023-01-01T05:31:00,16537.29,16540.46,16536.14,16536.69,62.73486,2023-01-01T05:31:59.999000,1037517.8117281,2110,btcusdt,1m
32,2023-01-01T05:32:00,16536.69,16537.43,16531.69,16531.97,54.42359,2023-01-01T05:32:59.999000,899831.4025139,1882,btcusdt,1m
33,2023-01-01T05:33:00,16532.23,16534.06,16530.3,16532.32,59.56348,2023-01-01T05:33:59.999000,984719.7133917,2365,btcusdt,1m
34,2023-01-01T05:34:00,16532.32,16532.96,16522.03,16527.83,110.89703,2023-01-01T05:34:59.999000,1832935.1892782,3794,btcusdt,1m
35,2023-01-01T05:35:00,16527.27,16530.09,16521.51,16524.14,114.37543,2023-01-01T05:35:59.999000,1890182.6613259,4156,btcusdt,1m
36,2023-01-01T05:36:00,16524.14,16526.83,16516.12,16520.7,142.54392,2023-01-01T05:36:59.999000,2354987.1974863,4522,btcusdt,1m
37,2023-01-01T05:37:00,16520.19,16520.72,16508.39,16515.33,165.72038,2023-01-01T05:37:59.999000,2736644.7090165,5390,btcusdt,1m
38,2023-01-01T05:38:00,16515.33,16521.53,16513.15,16517.71,113.02461,2023-01-01T05:38:59.999000,1866951.3522535,3580,btcusdt,1m
39,2023-01-01T05:39:00,16518.44,16526.82,16517.64,16524.04,76.47037,2023-01-01T05:39:59.999000,1263473.2828186,3395,btcusdt,1m
40,2023-01-01T05:40:00,16524.83,16525.25,16522.41,16523.64,38.73732,2023-01-01T05:40:59.999000,640078.3079664,2169,btcusdt,1m
41,2023-01-01T05:41:00,16524.17,16525.04,16513.4,16514.65,110.11967,2023-01-01T05:41:59.999000,1818850.3861678,3564,btcusdt,1m
42,2023-01-01T05:42:00,16515.19,16516.79,16512.7,16515.16,57.37769,2023-01-01T05:42:59.999000,947581.0088003,2653,btcusdt,1m
43,2023-01-01T05:43:00,16515.16,16517.62,16514.32,16517.16,46.16403,2023-01-01T05:43:59.999000,762458.7507074,2288,btcusdt,1m
44,2023-01-01T05:44:00,16517.16,16522.72,16515.39,16515.43,106.54588,2023-01-01T05:44:59.999000,1760007.5588759,3629,btcusdt,1m
45,2023-01-01T05:45:00,16515.91,16520.85,16515.43,16519.03,62.45521,2023-01-01T05:45:59.999000,1031617.7576127,2723,btcusdt,1m
46,2023-01-01T05:46:00,16519.03,16523.84,16518.97,16523.25,67.05876,2023-01-01T05:46:59.999000,1107959.7690004,2897,btcusdt,1m
47,2023-01-01T05:47:00,16523.25,16529.97,16520.89,16529.07,90.68886,2023-01-01T05:47:59.999000,1498654.4174251,3024,btcusdt,1m
48,2023-01-01T05:48:00,16529.07,16533.98,16528.35,16532.97,65.70449,2023-01-01T05:48:59.999000,1086141.1242615,2405,btcusdt,1m
49,2023-01-01T05:49:00,16532.54,16535.66,16528.69,16529.16,71.36482,2023-01-01T05:49:59.999000,1179783.111184,2468,btcusdt,1m
50,2023-01-01T05:50:00,16529.69,16530.97,16526.36,16527.22,51.54478,2023-01-01T05:50:59.999000,851972.788794,2108,btcusdt,1m
51,2023-01-01T05:51:00,16527.57,16528.85,16526.53,16528.29,27.46025,2023-01-01T05:51:59.999000,453856.5192116,1390,btcusdt,1m
52,2023-01-01T05:52:00,16527.88,16529.05,16527.44,16528.16,25.2805,2023-01-01T05:52:59.999000,417841.4585521,1442,btcusdt,1m
53,2023-01-01T05:53:00,16528.16,16529.3,16527.53,16528.53,26.92832,2023-01-01T05:53:59.999000,445081.8418679,1303,btcusdt,1m
54,2023-01-01T05:54:00,16528.53,16533.79,16528.4,16531.84,45.13835,2023-01-01T05:54:59.999000,746198.6883826,2002,btcusdt,1m
55,2023-01-01T05:55:00,16531.84,16532.88,16530.73,16532.21,24.30325,2023-01-01T05:55:59.999000,401772.8095811,1157,btcusdt,1m
56,2023-01-01T05:56:00,16532.21,16534.81,16531.26,16533.49,27.43781,2023-01-01T05:56:59.999000,453630.5730486,1492,btcusdt,1m
57,2023-01-01T05:57:00,16533.85,16536.84,16532.96,16533.8,49.25444,2023-01-01T05:57:59.999000,814391.5188989,1871,btcusdt,1m
58,2023-01-01T05:58:00,16533.79,16534.18,16529.52,16530.89,55.57758,2023-01-01T05:58:59.999000,918785.0031926,2387,btcusdt,1m
59,2023-01-01T05:59:00,16530.57,16531.1,16528.94,16529.67,33.81472,2023-01-01T05:59:59.999000,558950.5801462,1655,btcusdt,1m
60,2023-01-01T06:00:00,16529.59,16529.93,16525.78,16528.04,84.85522,2023-01-01T06:00:59.999000,1402470.0989727,2337,btcusdt,1m
61,2023-01-01T06:01:00,16528.53,16532.93,16527.93,16531.59,90.61221,2023-01-01T06:01:59.999000,1497881.9209274,2166,btcusdt,1m
62,2023-01-01T06:02:00,16531.59,16536.5,16530.65,16535.16,82.29637,2023-01-01T06:02:59.999000,1360700.4761579,2541,btcusdt,1m
63,2023-01-01T06:03:00,16535.16,16537.66,16533.11,16534.36,64.96482,2023-01-01T06:03:59.999000,1074202.2061995,2485,btcusdt,1m
64,2023-01-01T06:04:00,16533.89,16534.49,16528.27,16531.02,98.94372,2023-01-01T06:04:59.999000,1635673.9385617,2803,btcusdt,1m
65,2023-01-01T06:05:00,16530.39,16533.22,16530.31,16531.35,38.196,2023-01-01T06:05:59.999000,631436.6718343,1843,btcusdt,1m
66,2023-01-01T06:06:00,16531.79,16535.13,16531.35,16534.22,34.57814,2023-01-01T06:06:59.999000,571710.8811549,1729,btcusdt,1m
67,2023-01-01T06:07:00,16533.74,16536.84,16533.72,16536.07,46.71709,2023-01-01T06:07:59.999000,772482.6551833,1886,btcusdt,1m
68,2023-01-01T06:08:00,16536.63,16537.25,16534.68,16535.73,61.5612,2023-01-01T06:08:59.999000,1017971.6648542,2324,btcusdt,1m
69,2023-01-01T06:09:00,16535.23,16540.47,16534.76,16539.2,102.76623,2023-01-01T06:09:59.999000,1699498.3021989,3038,btcusdt,1m
70,2023-01-01T06:10:00,16539.2,16541.12,16538.47,16540.56,56.13272,2023-01-01T06:10:59.999000,928443.685602,1896,btcusdt,1m
71,2023-01-01T06:11:00,16540.55,16540.88,16539.06,16539.83,25.86477,2023-01-01T06:11:59.999000,427803.9895301,1251,btcusdt,1m
72,2023-01-01T06:12:00,16539.51,16540.07,16535.4,16537.23,68.06103,2023-01-01T06:12:59.999000,1125573.1996908,1899,btcusdt,1m
73,2023-01-01T06:13:00,16537.23,16541.6,16536.46,16541.43,64.01493,2023-01-01T06:13:59.999000,1058780.8215861,1970,btcusdt,1m
74,2023-01-01T06:14:00,16541.42,16541.8,16537.24,16538.21,57.68235,2023-01-01T06:14:59.999000,954045.8214402,2032,btcusdt,1m
75,2023-01-01T06:15:00,16537.68,16540.82,16537.68,16538.66,33.18966,2023-01-01T06:15:59.999000,548925.9905737,1690,btcusdt,1m
76,2023-01-01T06:16:00,16538.66,16539.6,16534.11,16535.73,42.95619,2023-01-01T06:16:59.999000,710372.5772505,1832,btcusdt,1m
77,2023-01-01T06:17:00,16536.14,16537.0,16534.0,16537.0,34.75675,2023-01-01T06:17:59.999000,574730.2381575,1652,btcusdt,1m
78,2023-01-01T06:18:00,16536.58,16539.39,16536.0,16538.93,34.86074,2023-01-01T06:18:59.999000,576496.9306023,1904,btcusdt,1m
79,2023-01-01T06:19:00,16539.39,16539.39,16538.0,16538.59,33.79597,2023-01-01T06:19:59.999000,558937.9105939,1667,btcusdt,1m
80,2023-01-01T06:20:00,16539.04,16539.95,16537.76,16538.13,42.06514,2023-01-01T06:20:59.999000,695696.6446873,1739,btcusdt,1m
81,2023-01-01T06:21:00,16538.13,16538.47,16533.91,16535.1,63.56042,2023-01-01T06:21:59.999000,1051003.9580059,2380,btcusdt,1m
82,2023-01-01T06:22:00,16535.39,16536.0,16533.69,16534.41,32.44477,2023-01-01T06:22:59.999000,536465.3200524,1566,btcusdt,1m
83,2023-01-01T06:23:00,16534.92,16534.92,16530.76,16532.21,78.99676,2023-01-01T06:23:59.999000,1305998.2494354,2213,btcusdt,1m
84,2023-01-01T06:24:00,16532.21,16538.02,16531.67,16536.22,55.62053,2023-01-01T06:24:59.999000,919679.8346395,2010,btcusdt,1m
85,2023-01-01T06:25:00,16536.22,16536.64,16533.83,16534.38,47.0561,2023-01-01T06:25:59.999000,778073.9908615,1829,btcusdt,1m
86,2023-01-01T06:26:00,16534.38,16536.05,16533.24,16535.33,41.84059,2023-01-01T06:26:59.999000,691825.5397811,1987,btcusdt,1m
87,2023-01-01T06:27:00,16535.33,16535.71,16531.93,16533.27,52.68049,2023-01-01T06:27:59.999000,871008.1535747,2059,btcusdt,1m
88,2023-01-01T06:28:00,16533.09,16534.35,16531.79,16533.89,28.90992,2023-01-01T06:28:59.999000,477968.6300663,1382,btcusdt,1m
89,2023-01-01T06:29:00,16534.2,16535.15,16532.56,16534.6,38.95118,2023-01-01T06:29:59.999000,644018.3462307,1707,btcusdt,1m
90,2023-01-01T06:30:00,16534.02,16534.67,16532.32,16532.73,26.24595,2023-01-01T06:30:59.999000,433940.2979998,1422,btcusdt,1m
91,2023-01-01T06:31:00,16532.73,16534.16,16530.62,16532.5,55.91654,2023-01-01T06:31:59.999000,924455.4217899,2084,btcusdt,1m
92,2023-01-01T06:32:00,16532.5,16535.72,16532.08,16532.73,34.16425,2023-01-01T06:32:59.999000,564860.4862488,1246,btcusdt,1m
93,2023-01-01T06:33:00,16532.73,16533.46,16531.69,16532.66,27.64374,2023-01-01T06:33:59.999000,457018.7019636,1424,btcusdt,1m
94,2023-01-01T06:34:00,16532.95,16532.95,16531.09,16532.0,32.71525,2023-01-01T06:34:59.999000,540845.4530383,1468,btcusdt,1m
95,2023-01-01T06:35:00,16531.74,16536.25,16530.75,16535.62,70.63877,2023-01-01T06:35:59.999000,1167882.7510024,2439,btcusdt,1m
96,2023-01-01T06:36:00,16535.62,16539.92,16534.7,16535.15,75.32019,2023-01-01T06:36:59.999000,1245551.5575588,2566,btcusdt,1m
97,2023-01-01T06:37:00,16535.16,16536.51,16534.18,16536.5,45.13482,2023-01-01T06:37:59.999000,746316.259802,1796,btcusdt,1m
98,2023-01-01T06:38:00,16536.51,16537.79,16534.31,16534.49,48.06181,2023-01-01T06:38:59.999000,794761.4013535,2015,btcusdt,1m
99,2023-01-01T06:39:00,16534.49,16536.01,16533.72,16535.19,35.50265,2023-01-01T06:39:59.999000,587036.482305,1603,btcusdt,1m
100,2023-01-01T06:40:00,16535.19,16542.12,16534.19,16540.41,87.08721,2023-01-01T06:40:59.999000,1440304.7524162,3072,btcusdt,1m
101,2023-01-01T06:41:00,16539.67,16543.38,16539.06,16542.89,67.03039,2023-01-01T06:41:59.999000,1108774.5989628,2437,btcusdt,1m
102,2023-01-01T06:42:00,16543.26,16543.31,16539.24,16541.98,53.42553,2023-01-01T06:42:59.999000,883739.9067523,2007,btcusdt,1m
103,2023-01-01T06:43:00,16541.98,16542.72,16538.55,16539.9,67.83619,2023-01-01T06:43:59.999000,1122040.4983729,2199,btcusdt,1m
104,2023-01-01T06:44:00,16539.9,16541.51,16537.75,16539.94,65.96856,2023-01-01T06:44:59.999000,1091117.688967,2392,btcusdt,1m
105,2023-01-01T06:45:00,16539.94,16542.47,16538.03,16541.44,65.87531,2023-01-01T06:45:59.999000,1089591.7630508,2292,btcusdt,1m
106,2023-01-01T06:46:00,16542.0,16543.56,16540.02,16542.95,74.26233,2023-01-01T06:46:59.999000,1228416.7291087,2676,btcusdt,1m
107,2023-01-01T06:47:00,16542.5,16543.72,16540.9,16541.42,75.94129,2023-01-01T06:47:59.999000,1256239.8227232,2823,btcusdt,1m
108,2023-01-01T06:48:00,16541.83,16542.19,16539.76,16541.91,58.76517,2023-01-01T06:48:59.999000,972033.5314633,1976,btcusdt,1m
109,2023-01-01T06:49:00,16541.91,16547.23,16540.8,16546.33,81.36408,2023-01-01T06:49:59.999000,1346111.604586,2571,btcusdt,1m
110,2023-01-01T06:50:00,16546.76,16547.82,16543.8,16546.99,91.02034,2023-01-01T06:50:59.999000,1505953.2152081,3218,btcusdt,1m
111,2023-01-01T06:51:00,16546.49,16547.9,16543.15,16543.57,97.09021,2023-01-01T06:51:59.999000,1606456.8292932,3038,btcusdt,1m
112,2023-01-01T06:52:00,16543.57,16543.83,16540.09,16540.52,48.68389,2023-01-01T06:52:59.999000,805330.3489439,2132,btcusdt,1m
113,2023-01-01T06:53:00,16540.52,16544.77,16539.74,16543.95,58.79401,2023-01-01T06:53:59.999000,972595.0573387,2142,btcusdt,1m
114,2023-01-01T06:54:00,16543.55,16546.56,16543.55,16545.91,28.25337,2023-01-01T06:54:59.999000,467457.5221349,1428,btcusdt,1m
115,2023-01-01T06:55:00,16545.91,16547.89,16544.92,16547.48,66.4852,2023-01-01T06:55:59.999000,1100089.6177831,1929,btcusdt,1m
116,2023-01-01T06:56:00,16547.48,16552.0,16546.65,16550.81,97.94552,2023-01-01T06:56:59.999000,1620990.2980826,2337,btcusdt,1m
117,2023-01-01T06:57:00,16550.81,16556.8,16549.57,16553.35,165.19189,2023-01-01T06:57:59.999000,2734457.874903,3676,btcusdt,1m
118,2023-01-01T06:58:00,16553.35,16555.36,16549.28,16552.34,111.54809,2023-01-01T06:58:59.999000,1846416.8675388,2754,btcusdt,1m
119,2023-01-01T06:59:00,16552.74,16553.43,16549.43,16551.47,37.22213,2023-01-01T06:59:59.999000,616091.3555109,1577,btcusdt,1m
120,2023-01-01T07:00:00,16551.47,16551.53,16542.23,16542.44,155.52693,2023-01-01T07:00:59.999000,2573306.7711148,4353,btcusdt,1m
121,2023-01-01T07:01:00,16543.06,16547.27,16541.0,16546.43,113.58873,2023-01-01T07:01:59.999000,1879267.8112755,3071,btcusdt,1m
122,2023-01-01T07:02:00,16546.93,16547.32,16542.97,16544.48,31.29288,2023-01-01T07:02:59.999000,517748.0716829,1522,btcusdt,1m
123,2023-01-01T07:03:00,16544.48,16545.0,16540.79,16540.92,35.2483,2023-01-01T07:03:59.999000,583102.0694269,1527,btcusdt,1m
124,2023-01-01T07:04:00,16541.25,16542.18,16540.03,16541.43,28.38028,2023-01-01T07:04:59.999000,469443.844061,1386,btcusdt,1m
125,2023-01-01T07:05:00,16541.86,16542.52,16540.02,16541.54,22.48394,2023-01-01T07:05:59.999000,371910.3324421,1252,btcusdt,1m
126,2023-01-01T07:06:00,16541.3,16542.89,16540.51,16542.27,35.30114,2023-01-01T07:06:59.999000,583949.5123703,1474,btcusdt,1m
127,2023-01-01T07:07:00,16542.27,16542.36,16540.56,16541.66,32.8348,2023-01-01T07:07:59.999000,543140.6020722,1448,btcusdt,1m
128,2023-01-01T07:08:00,16541.92,16543.77,16541.15,16543.17,28.67506,2023-01-01T07:08:59.999000,474356.5704526,1419,btcusdt,1m
129,2023-01-01T07:09:00,16543.16,16543.61,16542.21,16542.94,25.36316,2023-01-01T07:09:59.999000,419578.6545819,1432,btcusdt,1m
130,2023-01-01T07:10:00,16542.67,16543.35,16540.65,16540.96,40.25811,2023-01-01T07:10:59.999000,665942.2408185,1623,btcusdt,1m
131,2023-01-01T07:11:00,16540.96,16542.46,16540.0,16542.04,39.96885,2023-01-01T07:11:59.999000,661132.4638535,1670,btcusdt,1m
132,2023-01-01T07:12:00,16542.4,16542.66,16540.67,16541.73,42.21405,2023-01-01T07:12:59.999000,698298.47695,1542,btcusdt,1m
133,2023-01-01T07:13:00,16541.73,16542.39,16539.57,16541.52,53.64718,2023-01-01T07:13:59.999000,887373.6182566,1956,btcusdt,1m
134,2023-01-01T07:14:00,16541.14,16551.59,16541.14,16549.03,218.31312,2023-01-01T07:14:59.999000,3612337.302796,5107,btcusdt,1m
135,2023-01-01T07:15:00,16549.02,16552.91,16547.8,16552.77,82.55166,2023-01-01T07:15:59.999000,1366229.09502,3042,btcusdt,1m
136,2023-01-01T07:16:00,16552.26,16554.56,16551.52,16552.56,40.04515,2023-01-01T07:16:59.999000,662864.4127217,1841,btcusdt,1m
137,2023-01-01T07:17:00,16552.91,16553.62,16550.81,16551.93,74.85809,2023-01-01T07:17:59.999000,1239058.5422225,2597,btcusdt,1m
138,2023-01-01T07:18:00,16551.48,16551.93,16550.23,16551.42,29.82223,2023-01-01T07:18:59.999000,493591.4440655,1150,btcusdt,1m
139,2023-01-01T07:19:00,16551.42,16552.72,16550.03,16552.72,39.06748,2023-01-01T07:19:59.999000,646612.2617101,1442,btcusdt,1m
140,2023-01-01T07:20:00,16552.72,16553.02,16551.5,16551.97,37.42397,2023-01-01T07:20:59.999000,619449.6782047,1437,btcusdt,1m
141,2023-01-01T07:21:00,16551.97,16553.75,16546.82,16548.6,85.79094,2023-01-01T07:21:59.999000,1419855.929508,2655,btcusdt,1m
142,2023-01-01T07:22:00,16548.6,16550.12,16547.43,16548.69,62.79458,2023-01-01T07:22:59.999000,1039170.8568344,2039,btcusdt,1m
143,2023-01-01T07:23:00,16548.3,16549.4,16547.31,16548.25,55.18568,2023-01-01T07:23:59.999000,913234.5692193,2010,btcusdt,1m
144,2023-01-01T07:24:00,16548.78,16549.66,16546.48,16548.18,83.50065,2023-01-01T07:24:59.999000,1381782.0365643,2586,btcusdt,1m
145,2023-01-01T07:25:00,16547.96,16548.99,16546.82,16548.01,26.55723,2023-01-01T07:25:59.999000,439465.8974412,1325,btcusdt,1m
146,2023-01-01T07:26:00,16548.01,16553.52,16547.57,16553.12,63.05761,2023-01-01T07:26:59.999000,1043612.7479663,2091,btcusdt,1m
147,2023-01-01T07:27:00,16553.51,16553.51,16549.46,16550.01,36.67689,2023-01-01T07:27:59.999000,607035.0943631,1380,btcusdt,1m
148,2023-01-01T07:28:00,16549.72,16552.6,16548.88,16551.46,30.67832,2023-01-01T07:28:59.999000,507735.3638545,1245,btcusdt,1m
149,2023-01-01T07:29:00,16551.92,16555.0,16549.97,16552.89,56.40756,2023-01-01T07:29:59.999000,933678.7917507,1981,btcusdt,1m
150,2023-01-01T07:30:00,16552.89,16554.64,16551.35,16552.68,42.61981,2023-01-01T07:30:59.999000,705479.9584488,1676,btcusdt,1m
151,2023-01-01T07:31:00,16552.68,16556.0,16552.04,16555.34,53.20855,2023-01-01T07:31:59.999000,880805.3225015,1969,btcusdt,1m
152,2023-01-01T07:32:00,16555.3,16557.89,16554.27,16557.47,68.89517,2023-01-01T07:32:59.999000,1140622.7056173,2481,btcusdt,1m
153,2023-01-01T07:33:00,16557.47,16559.12,16556.0,16557.72,66.8028,2023-01-01T07:33:59.999000,1106084.2919937,2049,btcusdt,1m
154,2023-01-01T07:34:00,16557.52,16559.61,16556.0,16558.65,77.22791,2023-01-01T07:34:59.999000,1278727.9180122,2544,btcusdt,1m
155,2023-01-01T07:35:00,16558.49,16559.77,16554.25,16555.34,72.47217,2023-01-01T07:35:59.999000,1199914.9723181,2519,btcusdt,1m
156,2023-01-01T07:36:00,16555.72,16556.73,16552.25,16553.57,44.86598,2023-01-01T07:36:59.999000,742708.3040976,1553,btcusdt,1m
157,2023-01-01T07:37:00,16553.57,16554.5,16551.19,16552.42,32.19788,2023-01-01T07:37:59.999000,532975.105465,1249,btcusdt,1m
158,2023-01-01T07:38:00,16552.42,16554.03,16551.23,16552.04,27.36441,2023-01-01T07:38:59.999000,452959.5496167,1180,btcusdt,1m
159,2023-01-01T07:39:00,16551.7,16552.64,16548.2,16548.99,82.02657,2023-01-01T07:39:59.999000,1357564.3207752,2178,btcusdt,1m
160,2023-01-01T07:40:00,16549.5,16550.37,16544.5,16545.78,108.2686,2023-01-01T07:40:59.999000,1791503.2642751,3134,btcusdt,1m
161,2023-01-01T07:41:00,16546.12,16547.04,16543.19,16544.01,68.23785,2023-01-01T07:41:59.999000,1128982.9600264,2372,btcusdt,1m
162,2023-01-01T07:42:00,16543.98,16545.27,16542.42,16542.59,39.60619,2023-01-01T07:42:59.999000,655220.4040804,1551,btcusdt,1m
163,2023-01-01T07:43:00,16542.59,16543.19,16541.68,16542.14,34.6886,2023-01-01T07:43:59.999000,573830.1572358,1386,btcusdt,1m
164,2023-01-01T07:44:00,16542.14,16542.59,16538.38,16538.77,61.14629,2023-01-01T07:44:59.999000,1011407.1450859,2130,btcusdt,1m
165,2023-01-01T07:45:00,16538.77,16544.69,16538.14,16543.55,78.08839,2023-01-01T07:45:59.999000,1291735.3063137,2507,btcusdt,1m
166,2023-01-01T07:46:00,16543.47,16546.51,16542.41,16545.88,61.18061,2023-01-01T07:46:59.999000,1012163.1630231,2282,btcusdt,1m
167,2023-01-01T07:47:00,16545.89,16546.91,16544.88,16545.6,42.27913,2023-01-01T07:47:59.999000,699551.0903413,1706,btcusdt,1m
168,2023-01-01T07:48:00,16545.61,16547.01,16545.0,16545.74,29.54603,2023-01-01T07:48:59.999000,488856.9812065,1399,btcusdt,1m
169,2023-01-01T07:49:00,16545.42,16546.85,16545.08,16546.22,33.67256,2023-01-01T07:49:59.999000,557141.7561541,1442,btcusdt,1m
170,2023-01-01T07:50:00,16546.22,16546.22,16544.61,16545.2,48.82788,2023-01-01T07:50:59.999000,807872.1980845,1740,btcusdt,1m
171,2023-01-01T07:51:00,16545.2,16546.97,16544.74,16546.53,68.3731,2023-01-01T07:51:59.999000,1131296.5867941,1940,btcusdt,1m
172,2023-01-01T07:52:00,16546.09,16547.12,16544.78,16546.23,69.81948,2023-01-01T07:52:59.999000,1155247.4122954,2098,btcusdt,1m
173,2023-01-01T07:53:00,16546.22,16547.2,16545.63,16547.13,78.26527,2023-01-01T07:53:59.999000,1295011.9684478,2455,btcusdt,1m
174,2023-01-01T07:54:00,16547.13,16547.24,16544.54,16546.33,43.98056,2023-01-01T07:54:59.999000,727695.2613545,1456,btcusdt,1m
175,2023-01-01T07:55:00,16545.77,16547.13,16545.01,16546.07,25.96276,2023-01-01T07:55:59.999000,429575.1989658,1175,btcusdt,1m
176,2023-01-01T07:56:00,16546.07,16549.12,16545.8,16547.2,49.68595,2023-01-01T07:56:59.999000,822164.7983543,1646,btcusdt,1m
177,2023-01-01T07:57:00,16547.21,16548.03,16546.39,16547.18,24.44029,2023-01-01T07:57:59.999000,404419.1189971,1046,btcusdt,1m
178,2023-01-01T07:58:00,16547.18,16547.99,16546.35,16547.12,38.47918,2023-01-01T07:58:59.999000,636722.5434745,1479,btcusdt,1m
179,2023-01-01T07:59:00,16546.72,16548.6,16546.71,16548.19,39.09584,2023-01-01T07:59:59.999000,646948.5486638,1453,btcusdt,1m
180,2023-01-01T08:00:00,16548.19,16548.19,16531.47,16533.94,344.42893,2023-01-01T08:00:59.999000,5696296.0186831,6966,btcusdt,1m
181,2023-01-01T08:01:00,16533.31,16534.75,16527.37,16534.67,196.14205,2023-01-01T08:01:59.999000,3242403.5616379,5152,btcusdt,1m
182,2023-01-01T08:02:00,16534.22,16534.66,16523.34,16527.37,146.86195,2023-01-01T08:02:59.999000,2427238.462177,3939,btcusdt,1m
183,2023-01-01T08:03:00,16527.37,16530.45,16525.76,16530.36,110.42527,2023-01-01T08:03:59.999000,1825128.5393575,3313,btcusdt,1m
184,2023-01-01T08:04:00,16529.9,16532.88,16527.68,16529.36,112.97947,2023-01-01T08:04:59.999000,1867547.8686255,3086,btcusdt,1m
185,2023-01-01T08:05:00,16529.36,16531.51,16526.0,16530.02,103.79157,2023-01-01T08:05:59.999000,1715570.8869589,3497,btcusdt,1m
186,2023-01-01T08:06:00,16530.02,16532.02,16528.33,16530.51,53.01004,2023-01-01T08:06:59.999000,876276.1128843,2355,btcusdt,1m
187,2023-01-01T08:07:00,16530.07,16532.86,16528.99,16531.77,93.64636,2023-01-01T08:07:59.999000,1548080.8865617,2877,btcusdt,1m
188,2023-01-01T08:08:00,16532.16,16532.16,16529.17,16530.95,42.47108,2023-01-01T08:08:59.999000,702063.8217489,1855,btcusdt,1m
189,2023-01-01T08:09:00,16530.51,16531.92,16529.18,16530.4,34.31391,2023-01-01T08:09:59.999000,567213.4017392,1560,btcusdt,1m
190,2023-01-01T08:10:00,16529.97,16531.3,16527.88,16530.24,74.11761,2023-01-01T08:10:59.999000,1225113.8421835,2767,btcusdt,1m
191,2023-01-01T08:11:00,16530.89,16531.43,16527.63,16529.27,61.80057,2023-01-01T08:11:59.999000,1021534.7420028,2470,btcusdt,1m
192,2023-01-01T08:12:00,16529.27,16530.0,16528.11,16528.24,34.37465,2023-01-01T08:12:59.999000,568185.0815646,1487,btcusdt,1m
193,2023-01-01T08:13:00,16528.61,16531.27,16528.11,16529.31,84.86089,2023-01-01T08:13:59.999000,1402731.3916649,2814,btcusdt,1m
194,2023-01-01T08:14:00,16529.82,16530.5,16526.72,16527.87,66.19778,2023-01-01T08:14:59.999000,1094146.980786,2765,btcusdt,1m
195,2023-01-01T08:15:00,16527.44,16530.21,16523.14,16526.71,163.34107,2023-01-01T08:15:59.999000,2699367.2915227,4093,btcusdt,1m
196,2023-01-01T08:16:00,16526.71,16527.4,16525.88,16526.2,32.28769,2023-01-01T08:16:59.999000,533604.9288924,1722,btcusdt,1m
197,2023-01-01T08:17:00,16525.88,16526.28,16518.21,16520.71,162.14765,2023-01-01T08:17:59.999000,2679042.2000299,4073,btcusdt,1m
198,2023-01-01T08:18:00,16520.71,16523.1,16519.7,16521.39,113.79145,2023-01-01T08:18:59.999000,1880024.2150122,3514,btcusdt,1m
199,2023-01-01T08:19:00,16521.8,16523.33,16518.73,16522.52,129.29518,2023-01-01T08:19:59.999000,2136116.6547797,3583,btcusdt,1m
200,2023-01-01T08:20:00,16522.53,16526.6,16521.81,16526.51,114.71342,2023-01-01T08:20:59.999000,1895551.8674217,3375,btcusdt,1m
201,2023-01-01T08:21:00,16526.51,16529.13,16524.24,16529.11,81.00801,2023-01-01T08:21:59.999000,1338720.4001467,2944,btcusdt,1m
202,2023-01-01T08:22:00,16528.46,16533.09,16526.73,16528.53,109.71961,2023-01-01T08:22:59.999000,1813621.2951884,3341,btcusdt,1m
203,2023-01-01T08:23:00,16528.12,16530.87,16528.05,16529.7,51.36906,2023-01-01T08:23:59.999000,849100.7947154,1954,btcusdt,1m
204,2023-01-01T08:24:00,16529.69,16531.19,16527.5,16528.72,59.46207,2023-01-01T08:24:59.999000,982875.9168046,2322,btcusdt,1m
205,2023-01-01T08:25:00,16528.28,16529.91,16527.31,16529.01,39.37277,2023-01-01T08:25:59.999000,650776.9577524,1822,btcusdt,1m
206,2023-01-01T08:26:00,16529.37,16529.68,16528.1,16529.13,34.5287,2023-01-01T08:26:59.999000,570719.4520653,1407,btcusdt,1m
207,2023-01-01T08:27:00,16529.13,16531.3,16528.15,16529.81,58.59914,2023-01-01T08:27:59.999000,968639.1616827,2114,btcusdt,1m
208,2023-01-01T08:28:00,16529.82,16530.41,16527.35,16529.19,56.20068,2023-01-01T08:28:59.999000,928947.4124382,2162,btcusdt,1m
209,2023-01-01T08:29:00,16528.71,16531.22,16528.18,16529.89,47.54178,2023-01-01T08:29:59.999000,785865.7135509,1804,btcusdt,1m
210,2023-01-01T08:30:00,16529.89,16531.13,16527.89,16530.19,56.5297,2023-01-01T08:30:59.999000,934389.5856104,2132,btcusdt,1m
211,2023-01-01T08:31:00,16530.76,16530.76,16526.74,16527.95,56.84361,2023-01-01T08:31:59.999000,939536.5103973,1941,btcusdt,1m
212,2023-01-01T08:32:00,16528.37,16530.64,16527.34,16530.32,41.16698,2023-01-01T08:32:59.999000,680439.2773642,1520,btcusdt,1m
213,2023-01-01T08:33:00,16529.9,16534.16,16529.89,16533.79,72.5156,2023-01-01T08:33:59.999000,1198871.5375822,2010,btcusdt,1m
214,2023-01-01T08:34:00,16533.34,16534.66,16531.83,16533.77,49.77651,2023-01-01T08:34:59.999000,822966.7017096,1879,btcusdt,1m
215,2023-01-01T08:35:00,16533.76,16533.76,16532.21,16532.56,40.14831,2023-01-01T08:35:59.999000,663773.1289929,1416,btcusdt,1m
216,2023-01-01T08:36:00,16532.21,16533.64,16532.04,16532.7,31.42166,2023-01-01T08:36:59.999000,519494.5884924,1412,btcusdt,1m
217,2023-01-01T08:37:00,16532.7,16533.86,16532.26,16533.04,50.64156,2023-01-01T08:37:59.999000,837263.4479664,1614,btcusdt,1m
218,2023-01-01T08:38:00,16532.6,16534.52,16532.31,16533.38,48.56591,2023-01-01T08:38:59.999000,802962.7192371,1885,btcusdt,1m
219,2023-01-01T08:39:00,16533.84,16537.17,16533.45,16536.83,71.81884,2023-01-01T08:39:59.999000,1187539.6631038,2023,btcusdt,1m
220,2023-01-01T08:40:00,16536.83,16537.42,16532.87,16533.4,70.89012,2023-01-01T08:40:59.999000,1172198.2990608,2394,btcusdt,1m
221,2023-01-01T08:41:00,16533.4,16534.8,16532.07,16533.63,25.65305,2023-01-01T08:41:59.999000,424129.1830679,1181,btcusdt,1m
222,2023-01-01T08:42:00,16533.63,16534.02,16532.24,16532.93,33.6391,2023-01-01T08:42:59.999000,556157.5229882,1306,btcusdt,1m
223,2023-01-01T08:43:00,16532.54,16534.59,16531.55,16533.89,39.92714,2023-01-01T08:43:59.999000,660119.9057547,1619,btcusdt,1m
224,2023-01-01T08:44:00,16533.89,16534.81,16532.55,16533.68,36.67381,2023-01-01T08:44:59.999000,606351.4688521,1437,btcusdt,1m
225,2023-01-01T08:45:00,16533.68,16534.92,16532.6,16533.26,31.56539,2023-01-01T08:45:59.999000,521892.4238287,1294,btcusdt,1m
226,2023-01-01T08:46:00,16533.37,16533.53,16530.1,16531.03,49.09853,2023-01-01T08:46:59.999000,811671.8980692,1692,btcusdt,1m
227,2023-01-01T08:47:00,16531.47,16532.04,16529.66,16531.84,33.18447,2023-01-01T08:47:59.999000,548571.3980139,1152,btcusdt,1m
228,2023-01-01T08:48:00,16531.84,16532.51,16530.09,16531.11,36.62709,2023-01-01T08:48:59.999000,605493.2816726,1376,btcusdt,1m
229,2023-01-01T08:49:00,16531.1,16533.77,16530.5,16532.56,48.33701,2023-01-01T08:49:59.999000,799123.4005798,1754,btcusdt,1m
230,2023-01-01T08:50:00,16532.56,16534.18,16529.53,16531.65,84.14289,2023-01-01T08:50:59.999000,1391052.608831,2605,btcusdt,1m
231,2023-01-01T08:51:00,16531.65,16532.34,16529.59,16531.75,48.14049,2023-01-01T08:51:59.999000,795796.6143116,1757,btcusdt,1m
232,2023-01-01T08:52:00,16531.26,16533.99,16531.26,16532.93,69.61228,2023-01-01T08:52:59.999000,1150861.0426381,2042,btcusdt,1m
233,2023-01-01T08:53:00,16532.93,16532.93,16531.0,16532.16,25.34073,2023-01-01T08:53:59.999000,418928.4206203,1189,btcusdt,1m
234,2023-01-01T08:54:00,16532.62,16537.72,16531.46,16537.09,72.94838,2023-01-01T08:54:59.999000,1206179.1826494,2068,btcusdt,1m
235,2023-01-01T08:55:00,16537.09,16537.37,16533.95,16534.54,71.56543,2023-01-01T08:55:59.999000,1183350.5966225,2221,btcusdt,1m
236,2023-01-01T08:56:00,16534.96,16536.0,16534.01,16535.46,29.93117,2023-01-01T08:56:59.999000,494916.8985042,1333,btcusdt,1m
237,2023-01-01T08:57:00,16535.46,16537.24,16534.7,16534.71,37.69117,2023-01-01T08:57:59.999000,623254.8961159,1845,btcusdt,1m
238,2023-01-01T08:58:00,16534.71,16535.04,16533.12,16534.47,23.74968,2023-01-01T08:58:59.999000,392674.0417059,1034,btcusdt,1m
239,2023-01-01T08:59:00,16534.19,16534.56,16532.51,16533.04,41.13348,2023-01-01T08:59:59.999000,680075.8325323,1460,btcusdt,1m
240,2023-01-01T09:00:00,16533.04,16534.23,16531.6,16533.12,100.03658,2023-01-01T09:00:59.999000,1653892.9513911,2809,btcusdt,1m
241,2023-01-01T09:01:00,16533.12,16533.25,16532.19,16532.89,15.30673,2023-01-01T09:01:59.999000,253062.0875721,916,btcusdt,1m
242,2023-01-01T09:02:00,16532.47,16534.07,16531.83,16533.71,40.58613,2023-01-01T09:02:59.999000,671002.0745611,1486,btcusdt,1m
243,2023-01-01T09:03:00,16533.41,16535.97,16533.07,16533.71,40.96532,2023-01-01T09:03:59.999000,677335.0197573,1430,btcusdt,1m
244,2023-01-01T09:04:00,16533.47,16533.82,16532.53,16533.55,17.40268,2023-01-01T09:04:59.999000,287720.8347947,991,btcusdt,1m
245,2023-01-01T09:05:00,16533.55,16533.78,16531.68,16532.41,32.67459,2023-01-01T09:05:59.999000,540194.8375442,1399,btcusdt,1m
246,2023-01-01T09:06:00,16532.25,16535.3,16531.4,16533.49,68.66991,2023-01-01T09:06:59.999000,1135329.5628881,2411,btcusdt,1m
247,2023-01-01T09:07:00,16533.49,16534.28,16527.63,16530.49,123.73083,2023-01-01T09:07:59.999000,2045451.7998386,3001,btcusdt,1m
248,2023-01-01T09:08:00,16530.06,16531.54,16526.41,16528.43,111.51988,2023-01-01T09:08:59.999000,1843245.6526588,2798,btcusdt,1m
249,2023-01-01T09:09:00,16528.87,16529.26,16526.5,16527.15,55.14581,2023-01-01T09:09:59.999000,911441.0808022,1656,btcusdt,1m
250,2023-01-01T09:10:00,16526.74,16529.25,16526.58,16527.43,58.66271,2023-01-01T09:10:59.999000,969555.4244863,1746,btcusdt,1m
251,2023-01-01T09:11:00,16527.27,16528.91,16526.12,16526.91,53.20915,2023-01-01T09:11:59.999000,879415.4391892,1792,btcusdt,1m
252,2023-01-01T09:12:00,16526.57,16529.2,16526.35,16527.97,42.235,2023-01-01T09:12:59.999000,698054.2007421,1417,btcusdt,1m
253,2023-01-01T09:13:00,16527.54,16528.64,16526.0,16526.38,27.87219,2023-01-01T09:13:59.999000,460643.9889429,1484,btcusdt,1m
254,2023-01-01T09:14:00,16526.38,16527.02,16524.57,16526.12,52.00904,2023-01-01T09:14:59.999000,859490.3586479,1918,btcusdt,1m
255,2023-01-01T09:15:00,16526.12,16526.98,16524.52,16526.29,57.22778,2023-01-01T09:15:59.999000,945735.0641276,1705,btcusdt,1m
256,2023-01-01T09:16:00,16526.29,16526.72,16524.25,16526.37,43.00861,2023-01-01T09:16:59.999000,710745.8873561,1588,btcusdt,1m
257,2023-01-01T09:17:00,16526.01,16530.25,16525.0,16529.53,84.54185,2023-01-01T09:17:59.999000,1397294.7111786,2276,btcusdt,1m
258,2023-01-01T09:18:00,16529.57,16529.89,16528.39,16529.8,41.87805,2023-01-01T09:18:59.999000,692212.9460793,1265,btcusdt,1m
259,2023-01-01T09:19:00,16529.55,16530.19,16524.85,16527.43,100.99753,2023-01-01T09:19:59.999000,1669250.1350445,2434,btcusdt,1m
260,2023-01-01T09:20:00,16527.43,16528.74,16522.0,16524.27,172.7319,2023-01-01T09:20:59.999000,2854401.7674381,3516,btcusdt,1m
261,2023-01-01T09:21:00,16524.27,16524.77,16516.49,16520.78,293.33574,2023-01-01T09:21:59.999000,4846118.8663576,5549,btcusdt,1m
262,2023-01-01T09:22:00,16520.78,16524.67,16519.15,16524.12,76.94408,2023-01-01T09:22:59.999000,1271209.7157469,2437,btcusdt,1m
263,2023-01-01T09:23:00,16524.67,16524.67,16519.78,16521.07,110.05591,2023-01-01T09:23:59.999000,1818367.3564106,2933,btcusdt,1m
264,2023-01-01T09:24:00,16521.49,16522.58,16518.28,16520.71,96.50874,2023-01-01T09:24:59.999000,1594354.7439748,2504,btcusdt,1m
265,2023-01-01T09:25:00,16521.15,16521.53,16518.8,16519.95,60.20937,2023-01-01T09:25:59.999000,994675.2257899,2118,btcusdt,1m
266,2023-01-01T09:26:00,16519.95,16523.16,16519.07,16522.54,71.90953,2023-01-01T09:26:59.999000,1188061.999903,2287,btcusdt,1m
267,2023-01-01T09:27:00,16522.54,16523.53,16521.14,16522.12,75.05207,2023-01-01T09:27:59.999000,1240040.7354198,2297,btcusdt,1m
268,2023-01-01T09:28:00,16522.51,16523.17,16520.87,16521.27,41.32896,2023-01-01T09:28:59.999000,682838.9678047,1602,btcusdt,1m
269,2023-01-01T09:29:00,16521.27,16523.34,16517.19,16518.59,85.60696,2023-01-01T09:29:59.999000,1414207.1824418,2559,btcusdt,1m
270,2023-01-01T09:30:00,16518.31,16519.73,16517.68,16517.85,63.3201,2023-01-01T09:30:59.999000,1045964.7395809,1999,btcusdt,1m
271,2023-01-01T09:31:00,16517.85,16519.91,16517.58,16519.7,61.25864,2023-01-01T09:31:59.999000,1011900.3337268,1851,btcusdt,1m
272,2023-01-01T09:32:00,16519.53,16520.08,16518.52,16519.51,26.12073,2023-01-01T09:32:59.999000,431496.3870251,1196,btcusdt,1m
273,2023-01-01T09:33:00,16519.89,16521.47,16518.39,16521.35,70.8272,2023-01-01T09:33:59.999000,1170062.166541,2246,btcusdt,1m
274,2023-01-01T09:34:00,16520.91,16523.0,16520.28,16522.66,64.73221,2023-01-01T09:34:59.999000,1069483.8317283,2097,btcusdt,1m
275,2023-01-01T09:35:00,16522.66,16525.09,16521.81,16523.4,71.60037,2023-01-01T09:35:59.999000,1183111.1559768,2410,btcusdt,1m
276,2023-01-01T09:36:00,16523.78,16524.0,16521.6,16522.19,36.40723,2023-01-01T09:36:59.999000,601549.5313823,1731,btcusdt,1m
277,2023-01-01T09:37:00,16522.19,16524.86,16522.0,16523.98,51.64977,2023-01-01T09:37:59.999000,853437.9054964,1938,btcusdt,1m
278,2023-01-01T09:38:00,16523.98,16525.37,16523.12,16524.73,44.25191,2023-01-01T09:38:59.999000,731227.2513771,1787,btcusdt,1m
279,2023-01-01T09:39:00,16524.13,16525.95,16522.53,16525.58,76.11857,2023-01-01T09:39:59.999000,1257813.9332463,2665,btcusdt,1m
280,2023-01-01T09:40:00,16525.58,16525.6,16522.03,16523.89,61.26648,2023-01-01T09:40:59.999000,1012352.4741353,1886,btcusdt,1m
281,2023-01-01T09:41:00,16523.89,16524.99,16523.18,16523.28,34.98799,2023-01-01T09:41:59.999000,578147.9891987,1348,btcusdt,1m
282,2023-01-01T09:42:00,16523.28,16523.66,16521.96,16523.05,36.49991,2023-01-01T09:42:59.999000,603080.1394252,1548,btcusdt,1m
283,2023-01-01T09:43:00,16523.05,16524.43,16522.39,16522.95,42.83804,2023-01-01T09:43:59.999000,707828.0352373,1447,btcusdt,1m
284,2023-01-01T09:44:00,16522.56,16524.42,16518.62,16519.47,106.87972,2023-01-01T09:44:59.999000,1765776.2034289,2833,btcusdt,1m
285,2023-01-01T09:45:00,16519.96,16520.51,16518.14,16520.03,58.0983,2023-01-01T09:45:59.999000,959738.0993226,1690,btcusdt,1m
286,2023-01-01T09:46:00,16520.03,16520.28,16518.03,16518.64,45.96932,2023-01-01T09:46:59.999000,759371.8595572,1890,btcusdt,1m
287,2023-01-01T09:47:00,16518.26,16519.28,16517.25,16518.44,72.50191,2023-01-01T09:47:59.999000,1197611.983739,2347,btcusdt,1m
288,2023-01-01T09:48:00,16518.02,16519.62,16517.5,16518.26,58.63821,2023-01-01T09:48:59.999000,968622.0451059,1997,btcusdt,1m
289,2023-01-01T09:49:00,16518.26,16519.53,16516.81,16517.43,61.28762,2023-01-01T09:49:59.999000,1012346.5348139,2368,btcusdt,1m
290,2023-01-01T09:50:00,16517.43,16526.04,16516.76,16523.53,161.05717,2023-01-01T09:50:59.999000,2660711.4871648,3786,btcusdt,1m
291,2023-01-01T09:51:00,16523.05,16526.99,16523.05,16525.96,101.35692,2023-01-01T09:51:59.999000,1674934.6726713,2802,btcusdt,1m
292,2023-01-01T09:52:00,16525.96,16526.14,16517.76,16518.44,72.84266,2023-01-01T09:52:59.999000,1203592.562741,2293,btcusdt,1m
293,2023-01-01T09:53:00,16518.44,16520.13,16517.62,16519.18,52.90917,2023-01-01T09:53:59.999000,874012.4852928,1977,btcusdt,1m
294,2023-01-01T09:54:00,16519.53,16521.88,16518.84,16521.09,77.00199,2023-01-01T09:54:59.999000,1272133.4425575,2319,btcusdt,1m
295,2023-01-01T09:55:00,16521.09,16522.19,16519.9,16521.93,56.2408,2023-01-01T09:55:59.999000,929154.6135536,2032,btcusdt,1m
296,2023-01-01T09:56:00,16521.42,16521.93,16516.49,16518.76,83.64312,2023-01-01T09:56:59.999000,1381687.5350028,2545,btcusdt,1m
297,2023-01-01T09:57:00,16518.76,16519.22,16517.03,16517.41,48.86392,2023-01-01T09:57:59.999000,807136.4654156,1783,btcusdt,1m
298,2023-01-01T09:58:00,16517.39,16520.64,16517.28,16519.37,61.07865,2023-01-01T09:58:59.999000,1008949.8612013,2350,btcusdt,1m
299,2023-01-01T09:59:00,16519.37,16522.81,16511.92,16521.85,173.39683,2023-01-01T09:59:59.999000,2864058.133609,4050,btcusdt,1m
300,2023-01-01T10:00:00,16522.22,16522.22,16520.09,16521.38,51.91564,2023-01-01T10:00:59.999000,857695.5111432,1959,btcusdt,1m
301,2023-01-01T10:01:00,16521.32,16522.41,16520.75,16521.48,38.43067,2023-01-01T10:01:59.999000,634930.6729182,1498,btcusdt,1m
302,2023-01-01T10:02:00,16521.48,16523.82,16521.17,16522.61,57.90999,2023-01-01T10:02:59.999000,956806.530061,1855,btcusdt,1m
303,2023-01-01T10:03:00,16522.09,16523.95,16521.33,16522.58,70.68278,2023-01-01T10:03:59.999000,1167870.0918233,2145,btcusdt,1m
304,2023-01-01T10:04:00,16523.06,16523.68,16520.84,16523.67,35.99933,2023-01-01T10:04:59.999000,594802.1164084,1538,btcusdt,1m
305,2023-01-01T10:05:00,16523.68,16524.0,16521.9,16522.62,44.93256,2023-01-01T10:05:59.999000,742415.8060044,1742,btcusdt,1m
306,2023-01-01T10:06:00,16522.62,16523.94,16522.0,16522.18,56.87972,2023-01-01T10:06:59.999000,939816.4277035,2219,btcusdt,1m
307,2023-01-01T10:07:00,16522.62,16523.33,16520.76,16520.79,46.39417,2023-01-01T10:07:59.999000,766525.9180116,1947,btcusdt,1m
308,2023-01-01T10:08:00,16521.27,16522.26,16518.92,16519.8,50.34919,2023-01-01T10:08:59.999000,831812.264092,1868,btcusdt,1m
309,2023-01-01T10:09:00,16519.54,16524.0,16513.84,16514.99,170.33196,2023-01-01T10:09:59.999000,2813785.1283718,4234,btcusdt,1m
310,2023-01-01T10:10:00,16515.28,16517.01,16513.67,16514.37,76.38002,2023-01-01T10:10:59.999000,1261421.105778,2767,btcusdt,1m
311,2023-01-01T10:11:00,16514.38,16516.47,16512.3,16514.24,92.17546,2023-01-01T10:11:59.999000,1522164.6096381,2552,btcusdt,1m
312,2023-01-01T10:12:00,16514.24,16516.65,16513.2,16515.62,136.54526,2023-01-01T10:12:59.999000,2255056.6137001,2543,btcusdt,1m
313,2023-01-01T10:13:00,16515.37,16519.7,16514.33,16518.38,77.9841,2023-01-01T10:13:59.999000,1288040.5365066,1866,btcusdt,1m
314,2023-01-01T10:14:00,16518.19,16519.66,16518.03,16518.37,19.55975,2023-01-01T10:14:59.999000,323106.7436517,1028,btcusdt,1m
315,2023-01-01T10:15:00,16518.77,16519.84,16518.15,16519.0,40.02786,2023-01-01T10:15:59.999000,661215.0565265,1775,btcusdt,1m
316,2023-01-01T10:16:00,16518.57,16521.18,16517.29,16519.67,94.90446,2023-01-01T10:16:59.999000,1567798.7200158,2529,btcusdt,1m
317,2023-01-01T10:17:00,16519.67,16521.69,16518.57,16521.1,69.13403,2023-01-01T10:17:59.999000,1142128.4047029,2122,btcusdt,1m
318,2023-01-01T10:18:00,16520.71,16521.1,16518.03,16519.18,42.16228,2023-01-01T10:18:59.999000,696497.71608,1501,btcusdt,1m
319,2023-01-01T10:19:00,16519.18,16520.14,16516.85,16517.59,82.52013,2023-01-01T10:19:59.999000,1363095.4156826,2734,btcusdt,1m
320,2023-01-01T10:20:00,16517.9,16519.0,16516.92,16517.6,49.42764,2023-01-01T10:20:59.999000,816439.3135315,1886,btcusdt,1m
321,2023-01-01T10:21:00,16517.6,16518.5,16516.81,16517.9,44.01385,2023-01-01T10:21:59.999000,727008.6502756,1548,btcusdt,1m
322,2023-01-01T10:22:00,16517.5,16517.95,16514.19,16514.97,98.4972,2023-01-01T10:22:59.999000,1626758.8821249,2655,btcusdt,1m
323,2023-01-01T10:23:00,16514.63,16515.16,16512.31,16513.26,105.80226,2023-01-01T10:23:59.999000,1747203.713485,2560,btcusdt,1m
324,2023-01-01T10:24:00,16513.72,16518.09,16512.31,16516.82,79.21072,2023-01-01T10:24:59.999000,1308188.4898794,2503,btcusdt,1m
325,2023-01-01T10:25:00,16516.82,16518.5,16515.34,16517.4,62.01438,2023-01-01T10:25:59.999000,1024271.7761946,2253,btcusdt,1m
326,2023-01-01T10:26:00,16516.85,16519.13,16516.05,16516.84,68.63085,2023-01-01T10:26:59.999000,1133615.8133371,2127,btcusdt,1m
327,2023-01-01T10:27:00,16516.84,16519.5,16516.18,16518.37,45.73637,2023-01-01T10:27:59.999000,755480.4570234,1676,btcusdt,1m
328,2023-01-01T10:28:00,16518.77,16519.95,16517.68,16519.09,39.88809,2023-01-01T10:28:59.999000,658913.473925,1571,btcusdt,1m
329,2023-01-01T10:29:00,16519.09,16522.66,16517.63,16521.07,100.14396,2023-01-01T10:29:59.999000,1654396.8976274,2950,btcusdt,1m
330,2023-01-01T10:30:00,16521.42,16522.75,16520.33,16521.7,54.90576,2023-01-01T10:30:59.999000,907135.9821757,1703,btcusdt,1m
331,2023-01-01T10:31:00,16522.01,16522.01,16517.53,16518.37,44.55061,2023-01-01T10:31:59.999000,735946.1653072,1474,btcusdt,1m
332,2023-01-01T10:32:00,16518.37,16519.39,16517.57,16518.24,25.19985,2023-01-01T10:32:59.999000,416266.3718496,1193,btcusdt,1m
333,2023-01-01T10:33:00,16518.24,16518.84,16516.59,16517.85,23.44763,2023-01-01T10:33:59.999000,387301.1922686,1284,btcusdt,1m
334,2023-01-01T10:34:00,16517.46,16520.98,16517.0,16520.15,45.44267,2023-01-01T10:34:59.999000,750653.1516399,1614,btcusdt,1m
335,2023-01-01T10:35:00,16519.66,16520.81,16518.47,16520.49,43.73022,2023-01-01T10:35:59.999000,722414.4410368,1720,btcusdt,1m
336,2023-01-01T10:36:00,16520.49,16521.42,16519.85,16521.0,25.26778,2023-01-01T10:36:59.999000,417442.2352205,1211,btcusdt,1m
337,2023-01-01T10:37:00,16521.0,16521.7,16519.51,16519.91,32.91417,2023-01-01T10:37:59.999000,543766.2775915,1398,btcusdt,1m
338,2023-01-01T10:38:00,16519.51,16520.65,16518.0,16518.55,25.25906,2023-01-01T10:38:59.999000,417265.1878354,1204,btcusdt,1m
339,2023-01-01T10:39:00,16518.55,16518.94,16516.5,16518.16,60.59125,2023-01-01T10:39:59.999000,1000833.7077447,2077,btcusdt,1m
340,2023-01-01T10:40:00,16517.92,16518.81,16516.44,16516.92,53.77867,2023-01-01T10:40:59.999000,888288.7502884,1708,btcusdt,1m
341,2023-01-01T10:41:00,16517.28,16518.82,16516.35,16518.71,88.59664,2023-01-01T10:41:59.999000,1463408.5470345,2411,btcusdt,1m
342,2023-01-01T10:42:00,16518.71,16519.83,16517.53,16518.42,51.55715,2023-01-01T10:42:59.999000,851652.1125077,1495,btcusdt,1m
343,2023-01-01T10:43:00,16518.27,16518.9,16516.69,16516.99,24.0035,2023-01-01T10:43:59.999000,396483.3968026,1198,btcusdt,1m
344,2023-01-01T10:44:00,16516.69,16520.74,16514.79,16520.02,70.03529,2023-01-01T10:44:59.999000,1156747.5671536,2529,btcusdt,1m
345,2023-01-01T10:45:00,16520.03,16521.5,16518.85,16519.55,66.54821,2023-01-01T10:45:59.999000,1099357.6290372,2138,btcusdt,1m
346,2023-01-01T10:46:00,16519.55,16523.28,16518.92,16522.8,59.07799,2023-01-01T10:46:59.999000,976053.0284946,1828,btcusdt,1m
347,2023-01-01T10:47:00,16522.8,16522.92,16520.85,16522.42,59.21768,2023-01-01T10:47:59.999000,978402.2253275,2024,btcusdt,1m
348,2023-01-01T10:48:00,16522.81,16523.9,16520.88,16520.88,67.71818,2023-01-01T10:48:59.999000,1118886.7776685,2129,btcusdt,1m
349,2023-01-01T10:49:00,16521.38,16522.73,16520.0,16522.06,36.52254,2023-01-01T10:49:59.999000,603417.982548,1409,btcusdt,1m
350,2023-01-01T10:50:00,16522.06,16522.99,16521.29,16522.46,44.58094,2023-01-01T10:50:59.999000,736575.0973305,1264,btcusdt,1m
351,2023-01-01T10:51:00,16522.66,16524.18,16521.27,16521.88,45.37076,2023-01-01T10:51:59.999000,749651.8587604,1505,btcusdt,1m
352,2023-01-01T10:52:00,16521.88,16522.89,16519.85,16521.89,42.06664,2023-01-01T10:52:59.999000,695010.2968135,1783,btcusdt,1m
353,2023-01-01T10:53:00,16522.27,16522.39,16520.07,16521.32,25.14371,2023-01-01T10:53:59.999000,415401.3449833,1345,btcusdt,1m
354,2023-01-01T10:54:00,16521.32,16524.2,16520.37,16522.47,55.44923,2023-01-01T10:54:59.999000,916144.4206261,2219,btcusdt,1m
355,2023-01-01T10:55:00,16522.48,16524.82,16522.19,16524.13,63.69332,2023-01-01T10:55:59.999000,1052438.8966734,1993,btcusdt,1m
356,2023-01-01T10:56:00,16524.34,16527.9,16523.52,16526.28,78.47308,2023-01-01T10:56:59.999000,1296824.5843597,2231,btcusdt,1m
357,2023-01-01T10:57:00,16526.62,16533.23,16525.2,16531.72,181.15279,2023-01-01T10:57:59.999000,2994482.2600109,3415,btcusdt,1m
358,2023-01-01T10:58:00,16531.41,16534.98,16529.03,16531.68,123.14495,2023-01-01T10:58:59.999000,2035870.5285231,3124,btcusdt,1m
359,2023-01-01T10:59:00,16531.68,16532.97,16529.29,16530.71,51.34683,2023-01-01T10:59:59.999000,848832.2535407,1764,btcusdt,1m
360,2023-01-01T11:00:00,16530.71,16534.7,16528.81,16533.83,98.3846,2023-01-01T11:00:59.999000,1626453.7307649,3139,btcusdt,1m
361,2023-01-01T11:01:00,16533.83,16537.02,16533.72,16535.79,75.50714,2023-01-01T11:01:59.999000,1248527.6096289,2441,btcusdt,1m
362,2023-01-01T11:02:00,16535.41,16539.63,16535.01,16538.23,89.72767,2023-01-01T11:02:59.999000,1483861.5686203,2223,btcusdt,1m
363,2023-01-01T11:03:00,16537.8,16543.69,16536.8,16539.89,115.14126,2023-01-01T11:03:59.999000,1904500.5434354,3042,btcusdt,1m
364,2023-01-01T11:04:00,16539.68,16541.97,16539.2,16541.39,37.41167,2023-01-01T11:04:59.999000,618819.1081486,1731,btcusdt,1m
365,2023-01-01T11:05:00,16541.39,16541.43,16536.44,16536.68,82.18453,2023-01-01T11:05:59.999000,1359199.1681981,2317,btcusdt,1m
366,2023-01-01T11:06:00,16537.13,16538.57,16535.54,16538.5,30.71563,2023-01-01T11:06:59.999000,507946.9335016,1154,btcusdt,1m
367,2023-01-01T11:07:00,16538.5,16538.56,16531.87,16533.35,78.85138,2023-01-01T11:07:59.999000,1303759.521977,2159,btcusdt,1m
368,2023-01-01T11:08:00,16533.35,16536.25,16531.38,16534.68,100.54113,2023-01-01T11:08:59.999000,1662280.036606,2258,btcusdt,1m
369,2023-01-01T11:09:00,16534.66,16540.08,16534.65,16538.85,57.06193,2023-01-01T11:09:59.999000,943713.8161707,1903,btcusdt,1m
370,2023-01-01T11:10:00,16539.25,16539.73,16537.73,16539.04,30.03891,2023-01-01T11:10:59.999000,496804.7777725,1317,btcusdt,1m
371,2023-01-01T11:11:00,16539.43,16541.8,16535.95,16537.22,62.66729,2023-01-01T11:11:59.999000,1036411.1222179,2002,btcusdt,1m
372,2023-01-01T11:12:00,16536.94,16538.45,16536.07,16538.19,38.51502,2023-01-01T11:12:59.999000,636930.1307896,1353,btcusdt,1m
373,2023-01-01T11:13:00,16537.79,16538.7,16536.21,16537.49,32.03075,2023-01-01T11:13:59.999000,529702.0348625,1410,btcusdt,1m
374,2023-01-01T11:14:00,16537.49,16538.89,16536.96,16537.72,20.45428,2023-01-01T11:14:59.999000,338273.0046368,1131,btcusdt,1m
375,2023-01-01T11:15:00,16538.05,16543.93,16537.64,16543.33,81.1792,2023-01-01T11:15:59.999000,1342728.8001819,2233,btcusdt,1m
376,2023-01-01T11:16:00,16543.48,16544.18,16540.08,16541.9,57.67448,2023-01-01T11:16:59.999000,954054.1497214,1972,btcusdt,1m
377,2023-01-01T11:17:00,16541.53,16547.7,16541.12,16547.1,61.33045,2023-01-01T11:17:59.999000,1014627.8378044,2009,btcusdt,1m
378,2023-01-01T11:18:00,16547.1,16549.58,16546.29,16547.42,73.55692,2023-01-01T11:18:59.999000,1217221.7937724,2612,btcusdt,1m
379,2023-01-01T11:19:00,16547.42,16549.32,16547.04,16548.41,42.01248,2023-01-01T11:19:59.999000,695231.2379898,1766,btcusdt,1m
380,2023-01-01T11:20:00,16548.06,16548.72,16542.65,16544.13,143.284,2023-01-01T11:20:59.999000,2370606.3444954,2660,btcusdt,1m
381,2023-01-01T11:21:00,16544.12,16544.5,16541.37,16543.14,55.53412,2023-01-01T11:21:59.999000,918691.1503951,1775,btcusdt,1m
382,2023-01-01T11:22:00,16542.75,16546.42,16542.71,16545.18,39.97268,2023-01-01T11:22:59.999000,661339.6908724,1503,btcusdt,1m
383,2023-01-01T11:23:00,16545.59,16545.6,16543.99,16545.26,28.88295,2023-01-01T11:23:59.999000,477859.5803445,1233,btcusdt,1m
384,2023-01-01T11:24:00,16545.26,16545.89,16540.86,16544.42,75.75139,2023-01-01T11:24:59.999000,1253143.929644,1989,btcusdt,1m
385,2023-01-01T11:25:00,16544.42,16546.26,16543.01,16545.12,49.56467,2023-01-01T11:25:59.999000,820028.7052401,1578,btcusdt,1m
386,2023-01-01T11:26:00,16545.12,16546.64,16544.98,16545.46,29.52256,2023-01-01T11:26:59.999000,488469.2486481,1228,btcusdt,1m
387,2023-01-01T11:27:00,16545.85,16547.09,16544.1,16546.0,31.90823,2023-01-01T11:27:59.999000,527928.4739459,1429,btcusdt,1m
388,2023-01-01T11:28:00,16546.15,16549.44,16545.02,16548.52,53.16691,2023-01-01T11:28:59.999000,879785.6446704,1948,btcusdt,1m
389,2023-01-01T11:29:00,16548.92,16550.0,16543.65,16544.63,152.81429,2023-01-01T11:29:59.999000,2528713.2214448,2798,btcusdt,1m
390,2023-01-01T11:30:00,16545.02,16545.12,16544.04,16544.86,20.01522,2023-01-01T11:30:59.999000,331143.5813458,1023,btcusdt,1m
391,2023-01-01T11:31:00,16544.86,16545.83,16543.0,16543.29,30.81307,2023-01-01T11:31:59.999000,509786.179196,1413,btcusdt,1m
392,2023-01-01T11:32:00,16543.28,16545.96,16543.2,16544.68,36.47307,2023-01-01T11:32:59.999000,603444.5421006,1521,btcusdt,1m
393,2023-01-01T11:33:00,16544.3,16545.18,16538.5,16539.78,97.00087,2023-01-01T11:33:59.999000,1604599.6984305,1970,btcusdt,1m
394,2023-01-01T11:34:00,16539.38,16541.49,16539.38,16540.97,30.64934,2023-01-01T11:34:59.999000,506957.8879414,1316,btcusdt,1m
395,2023-01-01T11:35:00,16540.97,16541.6,16538.41,16538.41,93.22872,2023-01-01T11:35:59.999000,1541989.7274032,1499,btcusdt,1m
396,2023-01-01T11:36:00,16538.41,16540.71,16538.41,16540.41,26.4275,2023-01-01T11:36:59.999000,437095.4614831,1180,btcusdt,1m
397,2023-01-01T11:37:00,16540.18,16541.09,16539.09,16540.22,37.27161,2023-01-01T11:37:59.999000,616479.3974491,1342,btcusdt,1m
398,2023-01-01T11:38:00,16540.22,16541.75,16540.17,16540.51,21.57277,2023-01-01T11:38:59.999000,356836.5957938,1120,btcusdt,1m
399,2023-01-01T11:39:00,16540.57,16542.47,16540.02,16541.27,49.84025,2023-01-01T11:39:59.999000,824414.558237,1884,btcusdt,1m
400,2023-01-01T11:40:00,16541.27,16542.3,16539.96,16541.57,54.97704,2023-01-01T11:40:59.999000,909402.9293243,1973,btcusdt,1m
401,2023-01-01T11:41:00,16541.57,16544.66,16541.0,16543.58,67.16772,2023-01-01T11:41:59.999000,1111122.9623918,2392,btcusdt,1m
402,2023-01-01T11:42:00,16543.58,16544.94,16543.45,16543.8,46.16046,2023-01-01T11:42:59.999000,763695.1330639,1474,btcusdt,1m
403,2023-01-01T11:43:00,16543.54,16545.07,16542.39,16544.96,39.00675,2023-01-01T11:43:59.999000,645318.7432001,1378,btcusdt,1m
404,2023-01-01T11:44:00,16544.96,16545.46,16544.05,16544.68,50.00016,2023-01-01T11:44:59.999000,827241.0942517,1397,btcusdt,1m
405,2023-01-01T11:45:00,16544.38,16545.71,16543.6,16545.17,58.16212,2023-01-01T11:45:59.999000,962279.0505263,1816,btcusdt,1m
406,2023-01-01T11:46:00,16545.17,16545.5,16543.55,16544.44,43.41271,2023-01-01T11:46:59.999000,718238.9989828,1652,btcusdt,1m
407,2023-01-01T11:47:00,16544.81,16546.0,16544.0,16545.9,50.02025,2023-01-01T11:47:59.999000,827586.8759346,1522,btcusdt,1m
408,2023-01-01T11:48:00,16545.89,16546.0,16544.0,16544.87,64.56447,2023-01-01T11:48:59.999000,1068218.7330559,1896,btcusdt,1m
409,2023-01-01T11:49:00,16544.9,16546.93,16542.66,16543.52,76.63492,2023-01-01T11:49:59.999000,1267915.4459538,2372,btcusdt,1m
410,2023-01-01T11:50:00,16543.52,16543.95,16541.2,16541.74,34.88565,2023-01-01T11:50:59.999000,577105.3443542,1396,btcusdt,1m
411,2023-01-01T11:51:00,16541.39,16542.47,16539.65,16540.2,54.81317,2023-01-01T11:51:59.999000,906667.9390441,1547,btcusdt,1m
412,2023-01-01T11:52:00,16540.2,16541.22,16538.46,16540.1,72.5893,2023-01-01T11:52:59.999000,1200595.8237688,1916,btcusdt,1m
413,2023-01-01T11:53:00,16539.8,16540.59,16539.12,16540.53,34.76666,2023-01-01T11:53:59.999000,575036.4005527,1470,btcusdt,1m
414,2023-01-01T11:54:00,16540.1,16541.84,16539.81,16541.34,40.39183,2023-01-01T11:54:59.999000,668120.2722556,1604,btcusdt,1m
415,2023-01-01T11:55:00,16540.72,16541.49,16539.75,16541.14,42.84779,2023-01-01T11:55:59.999000,708724.8472513,1594,btcusdt,1m
416,2023-01-01T11:56:00,16540.93,16541.47,16540.0,16540.75,45.61653,2023-01-01T11:56:59.999000,754532.8262884,1848,btcusdt,1m
417,2023-01-01T11:57:00,16540.55,16541.35,16540.01,16540.51,37.32937,2023-01-01T11:57:59.999000,617449.6116776,1489,btcusdt,1m
418,2023-01-01T11:58:00,16540.51,16541.24,16539.35,16539.9,37.65335,2023-01-01T11:58:59.999000,622800.0438238,1448,btcusdt,1m
419,2023-01-01T11:59:00,16540.05,16540.36,16539.01,16539.79,25.22087,2023-01-01T11:59:59.999000,417147.0318675,1309,btcusdt,1m
420,2023-01-01T12:00:00,16539.79,16544.57,16538.89,16541.04,91.42767,2023-01-01T12:00:59.999000,1512359.7397198,2373,btcusdt,1m
421,2023-01-01T12:01:00,16541.22,16542.88,16540.26,16542.15,43.78798,2023-01-01T12:01:59.999000,724327.2430516,1665,btcusdt,1m
422,2023-01-01T12:02:00,16542.15,16543.18,16540.26,16541.48,71.07862,2023-01-01T12:02:59.999000,1175772.9030879,2613,btcusdt,1m
423,2023-01-01T12:03:00,16541.11,16541.49,16537.68,16539.85,102.21564,2023-01-01T12:03:59.999000,1690602.8798627,2786,btcusdt,1m
424,2023-01-01T12:04:00,16540.11,16540.96,16538.14,16539.32,55.80384,2023-01-01T12:04:59.999000,922971.4816806,1921,btcusdt,1m
425,2023-01-01T12:05:00,16539.32,16540.36,16526.68,16528.72,229.08256,2023-01-01T12:05:59.999000,3787184.1609726,4761,btcusdt,1m
426,2023-01-01T12:06:00,16528.72,16533.25,16527.32,16531.26,132.69524,2023-01-01T12:06:59.999000,2193448.4209933,3127,btcusdt,1m
427,2023-01-01T12:07:00,16531.26,16531.58,16527.45,16530.0,71.69975,2023-01-01T12:07:59.999000,1185146.336923,2128,btcusdt,1m
428,2023-01-01T12:08:00,16530.0,16534.41,16528.8,16533.03,92.51484,2023-01-01T12:08:59.999000,1529429.9550416,2530,btcusdt,1m
429,2023-01-01T12:09:00,16533.42,16535.96,16531.56,16534.07,91.3964,2023-01-01T12:09:59.999000,1511147.5149555,2835,btcusdt,1m
430,2023-01-01T12:10:00,16533.65,16537.45,16533.5,16535.58,67.05326,2023-01-01T12:10:59.999000,1108773.2882077,2424,btcusdt,1m
431,2023-01-01T12:11:00,16535.58,16536.19,16522.42,16528.75,225.64534,2023-01-01T12:11:59.999000,3729829.745991,4993,btcusdt,1m
432,2023-01-01T12:12:00,16528.75,16529.84,16525.8,16526.24,73.34245,2023-01-01T12:12:59.999000,1212167.1284045,2490,btcusdt,1m
433,2023-01-01T12:13:00,16526.69,16528.07,16525.0,16526.85,63.79284,2023-01-01T12:13:59.999000,1054285.6451458,2248,btcusdt,1m
434,2023-01-01T12:14:00,16526.86,16531.26,16526.63,16530.26,62.29022,2023-01-01T12:14:59.999000,1029591.7959673,2832,btcusdt,1m
435,2023-01-01T12:15:00,16530.82,16530.82,16525.13,16525.49,74.00091,2023-01-01T12:15:59.999000,1223050.3845686,2560,btcusdt,1m
436,2023-01-01T12:16:00,16526.09,16528.94,16510.0,16511.5,282.89554,2023-01-01T12:16:59.999000,4672593.3690108,4724,btcusdt,1m
437,2023-01-01T12:17:00,16511.93,16511.98,16499.01,16508.35,332.94431,2023-01-01T12:17:59.999000,5495217.271738,6668,btcusdt,1m
438,2023-01-01T12:18:00,16508.35,16508.73,16505.29,16508.34,99.93418,2023-01-01T12:18:59.999000,1649627.388474,3065,btcusdt,1m
439,2023-01-01T12:19:00,16508.34,16512.0,16505.81,16509.91,99.78356,2023-01-01T12:19:59.999000,1647355.0156411,3259,btcusdt,1m
440,2023-01-01T12:20:00,16510.38,16510.92,16505.87,16508.97,86.0068,2023-01-01T12:20:59.999000,1419875.9167586,2563,btcusdt,1m
441,2023-01-01T12:21:00,16508.97,16512.0,16508.26,16510.28,42.50249,2023-01-01T12:21:59.999000,701718.5010195,1685,btcusdt,1m
442,2023-01-01T12:22:00,16510.28,16511.76,16508.07,16509.92,58.72372,2023-01-01T12:22:59.999000,969536.262645,2030,btcusdt,1m
443,2023-01-01T12:23:00,16509.92,16511.35,16507.82,16510.59,59.86661,2023-01-01T12:23:59.999000,988377.534783,2183,btcusdt,1m
444,2023-01-01T12:24:00,16510.59,16511.5,16508.0,16509.28,58.1378,2023-01-01T12:24:59.999000,959853.6423613,1570,btcusdt,1m
445,2023-01-01T12:25:00,16508.94,16510.11,16507.47,16509.49,73.21237,2023-01-01T12:25:59.999000,1208662.5984277,2195,btcusdt,1m
446,2023-01-01T12:26:00,16509.8,16509.99,16506.41,16508.55,76.42269,2023-01-01T12:26:59.999000,1261616.8004789,2186,btcusdt,1m
447,2023-01-01T12:27:00,16508.55,16509.99,16506.41,16507.9,51.22459,2023-01-01T12:27:59.999000,845621.4803215,1578,btcusdt,1m
448,2023-01-01T12:28:00,16508.34,16516.19,16501.86,16515.81,277.13443,2023-01-01T12:28:59.999000,4575356.5567313,5425,btcusdt,1m
449,2023-01-01T12:29:00,16515.81,16524.82,16514.1,16522.78,142.94002,2023-01-01T12:29:59.999000,2361149.8708189,3053,btcusdt,1m
450,2023-01-01T12:30:00,16522.28,16522.77,16516.69,16517.71,83.98432,2023-01-01T12:30:59.999000,1387335.2218575,2752,btcusdt,1m
451,2023-01-01T12:31:00,16517.71,16519.35,16517.12,16517.94,42.85622,2023-01-01T12:31:59.999000,707911.9903253,1564,btcusdt,1m
452,2023-01-01T12:32:00,16517.94,16517.94,16514.31,16515.61,50.53633,2023-01-01T12:32:59.999000,834658.1341879,1887,btcusdt,1m
453,2023-01-01T12:33:00,16515.26,16519.46,16514.5,16516.2,67.50759,2023-01-01T12:33:59.999000,1115002.5760447,2369,btcusdt,1m
454,2023-01-01T12:34:00,16516.39,16520.87,16516.39,16520.27,45.85865,2023-01-01T12:34:59.999000,757544.083756,1667,btcusdt,1m
455,2023-01-01T12:35:00,16520.27,16520.27,16504.17,16510.39,184.09515,2023-01-01T12:35:59.999000,3039486.97762,4430,btcusdt,1m
456,2023-01-01T12:36:00,16510.39,16517.0,16510.39,16515.94,77.59688,2023-01-01T12:36:59.999000,1281473.0210726,2283,btcusdt,1m
457,2023-01-01T12:37:00,16516.14,16519.45,16514.62,16518.16,37.72177,2023-01-01T12:37:59.999000,623032.7297271,1616,btcusdt,1m
458,2023-01-01T12:38:00,16518.16,16520.11,16516.72,16518.55,44.55708,2023-01-01T12:38:59.999000,736012.9962072,1650,btcusdt,1m
459,2023-01-01T12:39:00,16518.97,16522.74,16517.78,16522.28,42.4288,2023-01-01T12:39:59.999000,700946.3021142,1786,btcusdt,1m
460,2023-01-01T12:40:00,16522.29,16523.83,16520.42,16522.95,48.76513,2023-01-01T12:40:59.999000,805693.6261342,1801,btcusdt,1m
461,2023-01-01T12:41:00,16522.95,16524.0,16521.18,16523.66,57.80202,2023-01-01T12:41:59.999000,955049.3850861,2044,btcusdt,1m
462,2023-01-01T12:42:00,16523.22,16525.93,16522.18,16525.16,58.00896,2023-01-01T12:42:59.999000,958556.7754605,1957,btcusdt,1m
463,2023-01-01T12:43:00,16524.79,16526.21,16523.79,16526.18,48.32766,2023-01-01T12:43:59.999000,798619.2859895,1847,btcusdt,1m
464,2023-01-01T12:44:00,16526.18,16529.98,16525.17,16525.24,83.55257,2023-01-01T12:44:59.999000,1380899.6520124,2369,btcusdt,1m
465,2023-01-01T12:45:00,16525.59,16530.91,16524.73,16528.38,127.9716,2023-01-01T12:45:59.999000,2115108.4773245,3075,btcusdt,1m
466,2023-01-01T12:46:00,16527.98,16529.22,16525.0,16526.53,52.02376,2023-01-01T12:46:59.999000,859828.1457656,1685,btcusdt,1m
467,2023-01-01T12:47:00,16526.53,16527.85,16525.0,16527.06,32.57402,2023-01-01T12:47:59.999000,538351.1910957,1458,btcusdt,1m
468,2023-01-01T12:48:00,16526.66,16529.56,16525.52,16527.57,48.99713,2023-01-01T12:48:59.999000,809803.8074267,1829,btcusdt,1m
469,2023-01-01T12:49:00,16527.9,16528.09,16525.39,16527.65,40.34533,2023-01-01T12:49:59.999000,666761.6966474,1526,btcusdt,1m
470,2023-01-01T12:50:00,16527.65,16530.51,16526.18,16528.72,59.81953,2023-01-01T12:50:59.999000,988734.3600423,2025,btcusdt,1m
471,2023-01-01T12:51:00,16529.0,16529.98,16524.15,16525.26,74.23092,2023-01-01T12:51:59.999000,1226825.765489,2365,btcusdt,1m
472,2023-01-01T12:52:00,16524.75,16526.73,16520.9,16522.36,85.48972,2023-01-01T12:52:59.999000,1412604.9036444,2190,btcusdt,1m
473,2023-01-01T12:53:00,16522.36,16524.97,16520.67,16523.67,47.48497,2023-01-01T12:53:59.999000,784591.97483,2051,btcusdt,1m
474,2023-01-01T12:54:00,16523.67,16525.5,16522.2,16522.8,37.49362,2023-01-01T12:54:59.999000,619540.6177839,1450,btcusdt,1m
475,2023-01-01T12:55:00,16523.23,16526.04,16522.8,16525.79,60.87396,2023-01-01T12:55:59.999000,1005917.2916805,1957,btcusdt,1m
476,2023-01-01T12:56:00,16525.79,16531.61,16524.91,16530.65,66.83295,2023-01-01T12:56:59.999000,1104648.0347796,2305,btcusdt,1m
477,2023-01-01T12:57:00,16530.63,16532.1,16527.0,16530.42,87.8708,2023-01-01T12:57:59.999000,1452523.0914601,2509,btcusdt,1m
478,2023-01-01T12:58:00,16530.42,16532.37,16528.72,16530.91,38.15175,2023-01-01T12:58:59.999000,630670.0064952,1486,btcusdt,1m
479,2023-01-01T12:59:00,16530.66,16531.0,16524.9,16526.19,61.64236,2023-01-01T12:59:59.999000,1018808.9738557,2142,btcusdt,1m
480,2023-01-01T13:00:00,16525.7,16527.79,16525.11,16527.0,51.72657,2023-01-01T13:00:59.999000,854864.2992617,1997,btcusdt,1m
481,2023-01-01T13:01:00,16527.0,16530.55,16526.13,16527.88,108.88177,2023-01-01T13:01:59.999000,1799631.9941897,2867,btcusdt,1m
482,2023-01-01T13:02:00,16527.39,16531.33,16526.46,16531.23,88.85842,2023-01-01T13:02:59.999000,1468750.4151723,3066,btcusdt,1m
483,2023-01-01T13:03:00,16531.23,16532.69,16529.73,16531.5,75.04722,2023-01-01T13:03:59.999000,1240633.4414313,2159,btcusdt,1m
484,2023-01-01T13:04:00,16531.94,16533.15,16530.6,16531.29,55.16144,2023-01-01T13:04:59.999000,911925.1660064,1785,btcusdt,1m
485,2023-01-01T13:05:00,16531.82,16534.03,16531.0,16532.04,54.13788,2023-01-01T13:05:59.999000,895029.190504,1753,btcusdt,1m
486,2023-01-01T13:06:00,16532.05,16533.02,16519.66,16523.75,223.88639,2023-01-01T13:06:59.999000,3699644.5761039,4082,btcusdt,1m
487,2023-01-01T13:07:00,16523.12,16526.11,16521.86,16523.83,61.27651,2023-01-01T13:07:59.999000,1012541.5066996,2340,btcusdt,1m
488,2023-01-01T13:08:00,16523.83,16525.44,16520.1,16520.29,79.06877,2023-01-01T13:08:59.999000,1306416.1235314,3025,btcusdt,1m
489,2023-01-01T13:09:00,16520.73,16523.71,16519.86,16522.14,61.8825,2023-01-01T13:09:59.999000,1022381.1068717,2159,btcusdt,1m
490,2023-01-01T13:10:00,16522.14,16523.91,16519.39,16521.21,68.14259,2023-01-01T13:10:59.999000,1125847.2167764,2025,btcusdt,1m
491,2023-01-01T13:11:00,16521.77,16523.73,16520.01,16522.35,60.1801,2023-01-01T13:11:59.999000,994290.1243978,2025,btcusdt,1m
492,2023-01-01T13:12:00,16522.78,16522.9,16519.57,16519.9,38.8259,2023-01-01T13:12:59.999000,641463.4973739,1598,btcusdt,1m
493,2023-01-01T13:13:00,16520.33,16521.43,16518.8,16519.69,60.09725,2023-01-01T13:13:59.999000,992798.925183,1958,btcusdt,1m
494,2023-01-01T13:14:00,16519.27,16520.7,16516.78,16518.19,67.55315,2023-01-01T13:14:59.999000,1115873.9785614,1967,btcusdt,1m
495,2023-01-01T13:15:00,16518.19,16519.02,16516.0,16516.79,70.61168,2023-01-01T13:15:59.999000,1166337.1340938,2524,btcusdt,1m
496,2023-01-01T13:16:00,16516.18,16517.34,16513.28,16514.63,104.93672,2023-01-01T13:16:59.999000,1733058.7182546,2857,btcusdt,1m
497,2023-01-01T13:17:00,16514.18,16515.44,16513.24,16515.42,49.96093,2023-01-01T13:17:59.999000,825084.1254133,1924,btcusdt,1m
498,2023-01-01T13:18:00,16515.26,16523.7,16514.79,16522.35,147.86689,2023-01-01T13:18:59.999000,2442741.169444,3169,btcusdt,1m
499,2023-01-01T13:19:00,16522.35,16524.72,16522.07,16523.87,57.12184,2023-01-01T13:19:59.999000,943838.6589925,1617,btcusdt,1m
